INSERT INTO players (id, name) VALUES (1, 'ralphdoe');

INSERT INTO categories (level) values (1);
INSERT INTO categories (level) values (2);
INSERT INTO categories (level) values (3);
INSERT INTO categories (level) values (4);
INSERT INTO categories (level) values (5);

INSERT INTO questions (id, text, category_id) values (1, '¿Qué palabra se usa para referirse a los abdominales bien marcados?', 1);
INSERT INTO questions (id, text, category_id) values (2, '¿Qué palabra aparece tradicionalmente en la pantalla al terminar un largometraje?', 1);
INSERT INTO questions (id, text, category_id) values (3, '¿Cuál de los siguientes sería atraído por un imán?', 1);
INSERT INTO questions (id, text, category_id) values (4, '¿Cuál de estos nombres no aparece en el título de una obra de Shakespeare?', 1);
INSERT INTO questions (id, text, category_id) values (5, '¿Cuál es el lugar de origen del whisky escocés?', 1);
INSERT INTO questions (id, text, category_id) values (6, 'Una locomotora valiente es la heroína de un clásico libro infantil llamado La locomotora que sí...', 2);
INSERT INTO questions (id, text, category_id) values (7, '¿Cuál de estos es un instrumento musical?', 2);
INSERT INTO questions (id, text, category_id) values (8, '¿Qué significa la abreviación en inglés "BFF"?', 2);
INSERT INTO questions (id, text, category_id) values (9, '¿Con qué apodo se conoce a la estrella de cine y luchador profesional Dwayne Johnson?', 2);
INSERT INTO questions (id, text, category_id) values (10, '¿Cómo se llamaba la banda cuyo líder era Jim Morrison?', 2);
INSERT INTO questions (id, text, category_id) values (11, '¿Qué edad tenía Drew Barrymore cuando protagonizó la película “E.T.”?', 3);
INSERT INTO questions (id, text, category_id) values (12, 'La nectarina es:', 3);
INSERT INTO questions (id, text, category_id) values (13, 'El amaretto es un licor a base de:', 3);
INSERT INTO questions (id, text, category_id) values (14, '¿Cuántos astronautas han tenido el privilegio de andar sobre la luna?', 3);
INSERT INTO questions (id, text, category_id) values (15, 'El actor Daniel Ratcliffe ha encarnado en la gran pantalla a uno de estos personajes:', 3);
INSERT INTO questions (id, text, category_id) values (16, '¿Cuál de los siguientes hombres no tiene un elemento químico llamado como él?', 4);
INSERT INTO questions (id, text, category_id) values (17, '¿En la corte de qué rey pasó Leonardo Da Vinci los dos últimos años de su vida?', 4);
INSERT INTO questions (id, text, category_id) values (18, '¿Cuál de estas películas de los 80 se estrenó primero?', 4);
INSERT INTO questions (id, text, category_id) values (19, '¿Cuál de estas canciones debutó primero?', 4);
INSERT INTO questions (id, text, category_id) values (20, '¿Qué santo fundó la Abadía de Montecasino?', 4);
INSERT INTO questions (id, text, category_id) values (21, 'De acuerdo con la Oficina de Referencia de la Población (Population Reference Bureau) ¿Cuál es el número aproximado de personas que han vivido en la Tierra?', 5);
INSERT INTO questions (id, text, category_id) values (22, '¿Con qué letra comienza la palabra del tomo 21 de la Enciclopedia Espasa?', 5);
INSERT INTO questions (id, text, category_id) values (23, '¿Quién fue el primero en recibir un premio Nobel de Literatura?', 5);
INSERT INTO questions (id, text, category_id) values (24, '¿Los neurólogos creen que la corteza prefrontal del cerebro se activa cuando haces qué?', 5);
INSERT INTO questions (id, text, category_id) values (25, 'Si un día decidieras sembrar semillas de Quercus robur. ¿Qué crecería?', 5);

INSERT INTO answers (id, text, correct_answer, question_id) values (1, 'A. Lavadora  B. Lavadero  C. Lavanda  D. Lavaloza', 'B', 1);
INSERT INTO answers (id, text, correct_answer, question_id) values (2, 'A. Fin  B. Conclusión  C. Final  D. Acabó', 'A', 2);
INSERT INTO answers (id, text, correct_answer, question_id) values (3, 'A. Metal  B. Plástico  C. Madera  D. El hombre equivocado', 'A', 3);
INSERT INTO answers (id, text, correct_answer, question_id) values (4, 'A. Hamlet  B. Romeo  C. Macbeth  D. Darren', 'D', 4);
INSERT INTO answers (id, text, correct_answer, question_id) values (5, 'A. Irlanda  B. Gales  C. Estados Unidos  D. Escocia', 'D', 5);
INSERT INTO answers (id, text, correct_answer, question_id) values (6, 'A. The Doors  B. The Windows  C. The Floors  D. The Ceilings', 'A', 10);
INSERT INTO answers (id, text, correct_answer, question_id) values (7, 'A. El Bloque  B. El Peñasco  C. La Piedra  D. La Roca', 'D', 9);
INSERT INTO answers (id, text, correct_answer, question_id) values (8, 'A. Buff Fit Fella  B. Bye for Five  C. Boy Friend Furious  D. Best Friends Forever', 'D', 8);
INSERT INTO answers (id, text, correct_answer, question_id) values (9, 'A. Mandrágora  B. Mandalay  C. Mandolina  D. Mandril', 'C', 7);
INSERT INTO answers (id, text, correct_answer, question_id) values (10, 'A. Llegó  B. Logró  C. Pudo  D. Alcanzó', 'C', 6);
INSERT INTO answers (id, text, correct_answer, question_id) values (11, 'A. Luke Skywalker  B. Harry Potter  C. Indiana Jones  D. Superman', 'B', 15);
INSERT INTO answers (id, text, correct_answer, question_id) values (12, 'A. Doce  B. Tres  C. Veinte  D. Seis', 'A', 14);
INSERT INTO answers (id, text, correct_answer, question_id) values (13, 'A. Manzana  B. Café  C. Anís  D. Almendra', 'D', 13);
INSERT INTO answers (id, text, correct_answer, question_id) values (14, 'A. Una fruta  B. Un insecto  C. Una hormona  D. Una enzima', 'A', 12);
INSERT INTO answers (id, text, correct_answer, question_id) values (15, 'A. 9 años  B. 7 años  C. 8 años  D. 6 años"', 'D', 11);
INSERT INTO answers (id, text, correct_answer, question_id) values (16, 'A. Benedicto  B. Bernardo  C. Buenaventura  D. Bonifacio', 'A', 20);
INSERT INTO answers (id, text, correct_answer, question_id) values (17, 'A. The Second You Sleep de Saybia  B. I Want What’s She’s Got de eyeQ  C. Beautiful Day de U2  D. Erase/Rewind de The Cardigans', 'D', 19);
INSERT INTO answers (id, text, correct_answer, question_id) values (18, 'A. Cocodrilo Dundee  B. Entre pillos anda el juego  C. Arma letal  D. Regreso al futuro', 'B', 18);
INSERT INTO answers (id, text, correct_answer, question_id) values (19, 'A. Enrique IV  B. Carlos III  C. Luis XII  D. Francisco I', 'D', 17);
INSERT INTO answers (id, text, correct_answer, question_id) values (20, 'A. Albert Einstein  B. Niels Bohr  C. Isaac Newton  D. Enrico Fermi', 'C', 16);
INSERT INTO answers (id, text, correct_answer, question_id) values (21, 'A. Árbol  B. Flores  C. Verduras  D. Grano', 'A', 25);
INSERT INTO answers (id, text, correct_answer, question_id) values (22, 'A. Tienes un ataque de pánico  B. Recuerdas un nombre  C. Entiendes una broma  D. Escuchas música', 'C', 24);
INSERT INTO answers (id, text, correct_answer, question_id) values (23, 'A. Novelista  B. Dramaturgo  C. Poeta  D. Ensayista', 'C', 23);
INSERT INTO answers (id, text, correct_answer, question_id) values (24, 'A. E  B. F  C. G  D. H', 'A', 22);
INSERT INTO answers (id, text, correct_answer, question_id) values (25, 'A. 108 000 millones  B. 180 000 millones  C. 1 110 000 millones  D. 1 108 000 millones', 'A', 21);
